{
  "strategy": "RSI",
  "params": {
    "data_file": "ohlc_20260223.csv"
  },
  "timestamp": "2026-02-23T11:22:08.459507",
  "metrics": {
    "total_trades": 4,
    "profitable": 1,
    "losing": 3,
    "win_rate": 25.0,
    "total_pnl": -258.97169192648965,
    "avg_profit": 129.58220199060014,
    "avg_loss": -129.51796463902994,
    "max_profit": 129.58220199060014,
    "max_loss": -172.76481591116487,
    "final_balance": 741.0283080735104,
    "return_pct": -25.89716919264896,
    "trades": [
      {
        "coin": "rain",
        "entry": 0.00947252,
        "exit": 0.01069999,
        "pnl": 129.58220199060014,
        "pnl_pct": 12.958220199060014
      },
      {
        "coin": "shiba-inu",
        "entry": 7.26e-06,
        "exit": 6.16e-06,
        "pnl": -171.14881848342424,
        "pnl_pct": -15.151515151515147
      },
      {
        "coin": "pepe",
        "entry": 4.66e-06,
        "exit": 3.82e-06,
        "pnl": -172.76481591116487,
        "pnl_pct": -18.025751072961384
      },
      {
        "coin": "htx-dao",
        "entry": 1.76e-06,
        "exit": 1.66e-06,
        "pnl": -44.64025952250067,
        "pnl_pct": -5.681818181818187
      }
    ]
  }
}